240783,3,RONALD HERNÁNDEZ
183795,2,ALEX DEJOHN
228493,3,ALAN FRANCO
252778,3,BROOKS LENNON
249768,3,MILES ROBINSON
245068,3,ANDREW GUTMAN
231066,3,GEORGE CAMPBELL
220497,2,MIKEY AMBROSE
271473,2,SANTIAGO SOSA
233217,2,MATHEUS ROSSETTO
199651,2,MARCELINO MORENO
231052,2,AMAR SEJDIC
300115,2,FRANCO IBARRA
100802,2,OSVALDO ALONSO
207349,2,EMERSON HYNDMAN
293696,2,MACHOP CHOL
171809,2,DOM DWYER
172688,1,JOSEF MARTÍNEZ
234765,1,LUIZ ARAÚJO
272741,1,JACKSON CONWAY
136529,2,BOBBY SHUTTLEWORTH
273514,2,DYLAN CASTANHEIRA
235956,3,JHOHAN ROMAÑA
272499,3,RODNEY REDES
156394,3,HECTOR JIMENEZ
231047,3,JON GALLAGHER
241859,3,JULIO CASCANTE
315918,3,FREDERIK KLEEMANN
259805,3,ZAN KOLMANIC
245098,3,NICK LIMA
316077,2,DANIEL PEREIRA
195334,2,SEBASTIÁN DRIUSSI
158329,2,ALEXANDER RING
171547,2,ETHAN FINLAY
156187,2,DIEGO FAGUNDEZ
271884,2,JARED STROUD
126619,2,FELIPE 
304535,2,OWEN WOLFF
275008,2,MOUSSA DJITTÉ
122742,2,DANNY HOESEN
158081,1,MAXIMILIANO URRUTI
220491,2,WILLIAM PULISIC
249756,3,KAMAL MILLER
152660,3,RUDY CAMACHO
282483,2,ZACHARY BRAULT-GUILLARD
236890,3,JOEL WATERMAN
286194,3,ZOHRAN BASSONG
293691,3,ALISTAIR JOHNSTON
305123,3,RÓBERT ORRI THORKELSSON
139703,2,VICTOR WANYAMA
87387,2,SAMUEL PIETTE
330368,2,AHMED HAMDI 
252351,2,DJORDJE MIHAILOVIC
217109,2,JOAQUÍN TORRES
276283,2,MATKO MILJEVIC
311165,2,RIDA ZOUHIR
237957,2,LASSI LAPPALAINEN
325001,2,ISMAËL KONÉ
274296,2,MATHIEU CHOINIÈRE
192512,2,BJORN JOHNSEN
267109,1,MASON TOYE
315919,1,SUNUSI IBRAHIM
175968,1,ROMELL QUIOTO
221277,2,BORIS SEKULIC
75621,2,JONATHAN BORNSTEIN
285613,3,MIGUEL NAVARRO
258441,3,JHON JAIRO ESPINOZA
270788,3,WYATT OMSBERG
160971,3,MAURICIO PINEDA
192080,3,CARLOS TERÁN
285384,2,ANDRE REYNOLDS
144509,2,GASTÓN GIMÉNEZ
279977,2,FEDERICO NAVARRO
303585,2,JAVIER CASAS
303577,2,BRIAN GUTIERREZ
249943,1,CHRISTOPHER MUELLER
167387,1,KACPER PRZYBYLKO
233047,1,FABIAN HERBERS
303692,2,ALEX MONIS
25891,1,STANISLAV IVANOV
233045,3,KEEGAN ROSENBERRY
56962,2,DREW MOOR
130467,3,DANNY WILSON
251801,3,LALAS ABUBAKAR
252686,3,GUSTAVO VALLECILLA
285250,2,ABOUBACAR KEITA
146408,2,STEVEN BEITASHOUR
286841,3,LUCAS ESTEVES 
315920,2,OLIVER LARRAZ
201136,2,BRYAN ACOSTA
146410,2,COLLEN WARNER
297118,2,RALPH PRISO-MBONGUE
242949,1,JONATHAN LEWIS
162946,1,DIEGO RUBIO
162716,1,MICHAEL BARRIOS
163161,1,JACK PRICE
182610,1,GYASI ZARDES
302990,2,DANTOUMA TOURE
262871,2,BRIAN GALVÁN
304623,1,DARREN YAPI
286785,2,ABRAHAM RODRIGUEZ
136638,3,JONATHAN MENSAH
180113,3,STEVEN MOREIRA
152740,2,JOSH WILLIAMS
156157,2,DARLINGTON NAGBE
177694,2,PEDRO SANTOS
236342,2,ARTUR 
172267,2,LUCAS ZELARAYÁN
293694,2,ISAIAH PARENTE
231098,2,DERRICK ETIENNE JR.
286319,1,LUIS DÍAZ
141243,1,KEVIN MOLINO
231055,2,CHRIS ODOI-ATSEM
238438,3,BRENDAN HINES-IKE
176044,3,BRAD SMITH
146355,3,ANDY NAJAR
200836,3,STEVE BIRNBAUM
245592,3,DONOVAN PINES
289449,2,JACOB GREENE
234879,3,TONY ALFARO
287963,2,SAMI GUEDIRI
219271,2,RUSSELL CANOUSE
231155,2,DREW SKUNDRICH
129265,1,OLA KAMARA
274109,1,ADRIEN PEREZ
294177,1,KIMARNI SMITH
236037,2,NIGEL ROBERTHA
246766,1,MIGUEL BERRY
153255,2,JON KEMPIN
261589,2,DAVID OCHOA
159296,3,ALVAS POWELL
225615,3,JOHN NELSON
201354,3,NICK HAGGLUND
255237,3,ZICO BAILEY
201914,3,RÓNALD MATARRITA
118125,2,GEOFF CAMERON
175303,3,TYLER BLACKETT
180468,3,JÚNIOR MORENO
229883,2,ALLAN CRUZ
199958,2,LUCIANO ACOSTA
279454,2,ÁLVARO BARREAL
171673,1,YUYA KUBO
257744,1,BRENNER 
214446,1,SERGIO SANTOS
293695,1,CALVIN HARRIS
217281,1,DOMINIQUE BADJI
252814,1,BEN MINES
228620,1,BRANDON VÁZQUEZ
320956,1,QUIMI ORDÓÑEZ
308786,2,BECKHAM SUNDERLAND
240531,2,JOSÉ MARTÍNEZ
248648,3,MARCO FARFAN
283453,3,NKOSI TAFARI
249711,3,EMA TWUMASI
171628,3,MATT HEDGES
200937,2,FACUNDO QUIGNÓN
286198,2,EDWIN CERRILLO
180955,2,SEBASTIAN LLETGET
269158,2,BRANDON SERVANIA
245843,2,PAXTON POMYKAL
264411,2,KALIL ELMEDKHAR
167806,2,THOMAS ROBERTS
301469,1,EDWIN MUNJOMA
159491,1,PAUL ARRIOLA
216183,1,JÁDER RAFAEL OBRIAN
251571,1,JESÚS FERREIRA
316362,2,BENJAMIN REDZIC
70182,1,FRANCO JARA
171623,3,DANIEL STERES
194293,3,ADAM LUNDQVIST
156309,3,ZAREK VALENTIN
217009,3,TIM PARKER
315921,3,ETHAN BARTLOW
232755,3,TEENAGE HADEBE
256489,3,SAMUEL JUNQUA
24324,3,JUAN CASTILLA
215186,2,MEMO RODRIGUEZ
219508,2,ADALBERTO CARRASQUILLA
218440,2,MATÍAS VERA
188093,2,DARWIN CERÉN
267116,2,GRIFFIN DORSEY
211678,1,FAFÀ PICAULT
220573,1,COREY BAIRD
76584,1,DARWIN QUINTERO
99500,2,KIERAN GIBBS
318514,3,AIMÉ MABIKA
117724,2,BREK SHEA
85010,2,BLAISE MATUIDI
158604,2,ALEJANDRO POZUELO
121714,2,VICTOR ULLOA
266026,2,INDIANA VASSILEV
302238,2,BRYCE DUKE
235893,2,GREGORE 
147207,2,JOEVIN JONES
67310,2,GONZALO HIGUAÍN
222765,1,ARIEL LASSITER
254375,1,ROBBIE ROBINSON
280764,3,JULIÁN ARAUJO
169515,3,DERRICK WILLIAMS
231869,2,SÉGA COULIBALY
183779,3,ERIQ ZAVALETA
126248,3,KELVIN LEERDAM
103848,2,JORGE VILLAFAÑA
245773,2,NICK DEPUY
237164,3,RAHEEM EDWARDS
96526,3,JONATHAN PÉREZ
263560,3,CHASE GASPER
115989,2,VÍCTOR VÁZQUEZ
193171,2,MARKY DELGADO
75571,2,SACHA KLJESTAN
260173,2,EFRAIN ÁLVAREZ
285452,2,CARLOS HARVEY
133111,2,DANIEL AGUIRRE
280680,2,ADAM SALDAÑA
281523,1,KEVIN CABRAL
235949,1,SAMUEL GRANDSIR
146419,1,JAVIER HERNÁNDEZ
291252,1,CAMERON DUNBAR
240110,1,DEJAN JOVELJIC
65434,2,JONATHAN BOND
245085,2,JONATHAN KLINSMANN
197050,3,JESÚS MURILLO
199904,3,EDDIE SEGURA
276615,3,DIEGO PALACIOS
304169,3,ERIK DUEÑAS
183758,3,RYAN HOLLINGSHEAD
233460,3,SEBASTIEN IBEAGHA
150185,2,ILIE SÁNCHEZ
251673,2,LATIF BLESSING
241245,2,JOSÉ CIFUENTES
159478,2,KELLYN ACOSTA
23761,2,ANTONIO LEONE
208046,2,JHEGSON MÉNDEZ
186385,1,CRISTIAN ARANGO
76098,2,CARLOS VELA
304170,2,CHRISTIAN TORRES
308587,1,KWADWO OPOKU
293668,1,CAL JENNINGS
232052,2,BAKAYE DIBASSY
235062,3,BRENT KALLMAN
101934,3,MICHAEL BOXALL
150315,3,ROMAIN MÉTANIRE
260213,3,D.J. TAYLOR
317737,3,NABILAI KIBUNGUCHY
217325,3,ONIEL FISHER
193663,3,KEMAR LAWRENCE
249706,2,JACORI HAYES
167140,2,FRANCO FRAGAPANE
286669,2,JOSEPH ROSALES
233326,2,EMANUEL REYNOSO
195992,2,ROBIN LOD
183726,2,WIL TRAPP
318536,2,AZIEL JACKSON
245570,2,HASSANI DOTSON
251802,2,NIKO HANSEN
251804,1,ABU DANLADI
252934,2,JUSTIN MCMASTER
315922,1,PATRICK WEAH
201353,3,DANIEL LOVITZ
222188,3,DAVE ROMNEY
255501,3,JACK MAHER
187782,3,ERIC MILLER
266454,3,JOSH BAUER
234315,3,TAYLOR WASHINGTON
253176,3,ROBERT CASTELLANOS
183764,3,WALKER ZIMMERMAN
256518,2,HANDWALLA BWANA
75577,2,DAX MCCARTY
223034,2,RANDALL LEAL
174548,2,HANY MUKHTAR
294219,2,IRAKOZE DONASIYANO
233041,2,ALEX MUYL
116825,2,ANÍBAL GODOY
253255,2,LUKE HAAKENSON
254292,2,BRIAN ANUNGA
8894,2,SEAN DAVIS
257062,1,AKÉ ARNAUD LOBA
254285,1,ETHAN ZUBAK
146067,1,TEAL BUNBURY
156239,2,C.J. SAPONG
156153,2,BRYAN MEREDITH
183796,3,ANDREW FARRELL
132237,3,OMAR GONZÁLEZ
294222,3,HENRY KESSLER
241486,3,CHRISTIAN MAKOUN
245451,3,BRANDON BYE
257193,3,JONATHAN BELL
249985,3,DEJUAN JONES
146042,2,A.J. DELAGARZA
205386,2,WILFRID KAPTOUM
216609,2,MATT POLSTER
152168,2,CARLES GIL
191693,2,EMMANUEL BOATENG
316383,2,MACIEL 
201350,2,THOMAS MCNAMARA
117830,1,GUSTAVO BOU
267113,2,JUSTIN RENNICKS
193898,2,ISMAEL TAJOURI-SHRADI
299185,1,DAMIAN RIVERA
97401,2,BRAD KNIGHTON
164106,2,CLÉMENT DIOP
252816,3,CHRIS GLOSTER
146027,3,ANTON TINNERHOLM
127512,2,MAXIME CHANOT
144989,3,ALEXANDER CALLENS
271075,3,MALTE AMUNDSEN
297380,3,TAYVON GRAY
317974,2,VUK LATINOVICH
153289,2,ALFREDO MORALES
70624,2,MAXI MORÁLEZ
297381,2,ANDRES JASSON
192048,2,GEDION ZELALEM
285757,2,NICOLÁS ACEVEDO
268192,2,KEATON PARKS
285383,2,JUSTIN HAAK
144012,1,THIAGO ANDRADE
148320,1,HÉBER 
83178,1,SANTIAGO RODRÍGUEZ
288930,1,TALLES MAGNO 
235594,2,CODY MIZELL
182014,3,ANDRÉS REYES
252481,3,KYLE DUNCAN
242942,3,DYLAN NEALIS
230822,3,SEAN NEALIS
270302,3,CAMERON HARPER
201103,3,AARON LONG
279290,3,JOHN TOLKIN
283228,2,FRANKIE AMAYA
181028,2,LEWIS MORGAN
260887,2,DRU YEARWOOD
315924,2,WIKELMAN CARMONA
252818,2,OMIR FERNANDEZ
271244,2,CRISTIAN CÁSSERES JR.
302991,2,CADEN CLARK
258065,2,PATRYK KLIMALA
249926,1,TOM BARLOW
251864,3,RUAN 
68802,3,JOAO MOUTINHO
147256,3,ROBIN JANSSON
255476,3,RODRIGO SCHLEGEL
236641,3,KYLE SMITH
196842,3,ANTÔNIO CARLOS 
17478,3,MICHAEL HALLIDAY
140468,2,MAURICIO PEREYRA
203304,2,JÚNIOR URSO 
259199,2,ANDRÉS PEREA
228005,2,JAKE MULRANEY
249705,2,JOSEPH DEZART
93011,1,ALEXANDRE PATO 
201478,2,TESHO AKINDELE
273769,1,BENJI MICHEL
252812,3,MATTHEW REAL
233813,3,JACK ELLIOTT
234962,3,JAKOB GLESNES
246855,3,OLIVIER MBAIZO
304133,3,ANTON SORENSON
286778,3,NATHAN HARRIEL
261317,3,KAI WAGNER
304135,3,BRANDAN CRAIG
257844,2,DÁNIEL GAZDAG
287014,2,JOSÉ MARTÍNEZ
134066,2,ALEJANDRO BEDOYA
286777,2,COLE TURNER
303512,2,JACK MCGLYNN
271536,2,JESÚS BUENO
304129,2,PAXTEN AARONSON
307491,2,LEON FLACH
304130,2,QUINN SULLIVAN
262566,1,JULIÁN CARRANZA
227598,1,CORY BURKE
181735,2,JOSÉ VAN RANKIN
235873,3,CLAUDIO BRAVO
188305,3,DARIO ZUPARIC
302907,3,ZAC MCGRAW
159461,3,BILL TUILOMA
288792,2,PABLO BONILLA
98448,3,LARRYS MABIALA
76914,2,SEBASTIÁN BLANCO
231057,2,ERYK WILLIAMSON
201102,2,GEORGE FOCHIVE
71042,2,DIEGO CHARÁ
228578,2,CRISTHIAN PAREDES
197425,2,YIMMI CHARÁ
252944,2,MARVIN LORÍA
252820,2,BLAKE BODILY
202539,1,FELIPE MORA
233266,2,JAROSLAW NIEZGODA
171513,1,DAIRON ASPRILLA
285201,1,SANTIAGO MORENO
235485,3,ANDREW BRODY
203329,3,JUSTEN GLAD
304374,3,ERIK HOLT
256210,3,AARON HERRERA
88374,3,MARCELO SILVA
228390,2,PABLO RUIZ
189531,2,DAMIR KREILACH
156215,2,JUSTIN MERAM
183792,2,SCOTT CALDWELL
172605,2,MAIKEL CHANG
295620,2,BODE HIDALGO
205657,2,RUBIO RUBÍN
199822,1,ANDERSON JULIO
256450,1,DANIEL MUSOVSKI
303458,2,JEFFREY DEWSNUP
229876,3,PAUL MARIE
210438,3,NATHAN CARDOSO
231150,3,TANNER BEASON
200839,3,TOMMY THOMPSON
207238,2,ERIC REMEDI
117864,2,SHEA SALINAS
73200,2,CRISTIAN ESPINOZA
251806,2,JACKSON YUEILL
246337,2,JACK SKAHAN
182138,2,JAN GREGUS
227441,2,JAMIRO MONTEIRO
201581,2,JUDSON 
251805,1,JEREMY EBOBISSE
273768,1,SIAD HAJI
302893,1,BENJAMIN KIKANOVIC
285698,1,CADE COWELL
240101,2,ANTON WALKES
252825,3,JAYLIN LINDSEY
113752,3,HARRISON AFFUL
163238,3,JOSEPH MORA
240232,2,DERRICK JONES
351302,1,DANIEL RÍOS
230239,2,ANDRE SHINYASHIKI
225606,1,MCKINZE GAINES
184976,2,YORDY REYNA
223042,2,ADRIÁN ZENDEJAS
204067,3,XAVIER ARREAGA
252474,3,NOUHOU TOLO
256514,3,ALEX ROLDAN
206682,3,YEIMAR GÓMEZ
141815,3,ABDOULAYE CISSOKO
201606,2,JOÃO PAULO 
216617,2,CRISTIAN ROLDAN
105957,2,NICOLÁS LODEIRO
171573,2,ALBERT RUSNÁK
304120,2,REED BAKER-WHITING
171650,2,KELYN ROWE
300110,2,LÉO CHÚ 
268173,2,THOMAS ANDREWS
290589,2,ETHAN DOBBELAERE
318554,2,OBED VARGAS
280765,2,DANIEL LEYVA
277851,2,JOSHUA ATENCIO
158640,1,RAÚL RUIDÍAZ
70745,2,FREDY MONTERO
210252,1,JORDAN MORRIS
156324,2,WILL BRUIN
259141,2,ALFONSO OCAMPO-CHÁVEZ
201324,3,BEN SWEAT
135294,3,ANDREU FONTÀS
147064,3,NICOLAS ISIMAT-MIRIN
132374,2,GRAHAM ZUSI
230220,2,KORTNE FORD
306544,3,KAYDEN PIERRE
272173,3,KAVEH RAD
162768,2,ORIOL ROSELL
288714,2,GADI KINDA
117713,2,ROGER ESPINOZA
252999,2,FELIPE HERNÀNDEZ
315925,2,OSVALDO CISNEROS
290355,2,CAMERON DUKE
183615,2,RÉMI WALTER
100525,1,JOHNNY RUSSELL
136135,1,ALAN PULIDO
216998,1,KHIRY SHELTON
233050,1,DÁNIEL SALLÓI
230626,3,RICHIE LARYEA
131466,2,CHRIS MAVINGA
175083,3,SHANE O'NEILL
41952,2,MICHAEL BRADLEY
237002,2,MARK-ANTHONY KAYE
184221,2,JONATHAN OSORIO
302060,1,JAHKEELE MARSHALL-RUTTY
280612,1,JAYDEN NELSON
266022,1,AYO AKINOLA
286214,1,JACOB SHAFFELBURG
280615,1,JORDAN PERRUZZA
238859,2,MARCUS GODINHO
232367,2,CRISTIÁN GUTIÉRREZ
302798,3,RANKO VESELINOVIC
256476,3,TRISTAN BLACKMON
167862,3,LUÍS MARTINS
172540,3,ERIK GODOY
257622,3,JAVAIN BROWN
121010,2,FLORIAN JUNGWIRTH
252831,3,JAKOB NERWINSKI
295771,2,SEBASTIAN BERHALTER
301857,2,LEONARD OWUSU
251800,2,JULIAN GRESSEL
173404,2,RYAN GAULD
295727,2,RYAN RAPOSO
297116,2,KAMRON HABIBULLAH
157071,2,RUSSELL TEIBERT
297150,2,PEDRO VITE
266579,1,DEIBER CAICEDO
172596,1,LUCAS CAVALLINI
222678,1,CRISTIÁN DÁJOME
249490,1,BRIAN WHITE
101759,2,TOSAINT RICKETTS
263224,3,JUAN JOSÉ PURATA
304152,3,CALEB WILEY
267206,3,AIDEN MCFADDEN
319441,3,NOAH COBB
277208,2,THIAGO ALMADA
285358,2,EDWIN MOSQUERA
208436,1,RONALDO CISNEROS
266028,2,JUSTIN GARCES
133099,3,RUBEN GABRIELSEN
286803,3,KIPP KELLER
219091,2,JHOJAN VALENCIA
178062,2,EMILIANO RIGONI
228483,1,WASHINGTON COROZO
261401,3,GABRIELE CORBO
297115,3,KEESEAN FERDINAND
297107,2,TOMAS GIRALDO
292944,1,JOJEA KWIZERA
75574,1,KEI KAMARA
288478,2,JAN SOBOCINSKI
287360,2,ADAM ARMOUR
254142,3,GUZMÁN CORUJO
156506,3,NATHAN BYRNE
312130,3,ADILSON MALANDA
37323,2,CHRISTIAN FUCHS
336523,3,KOA SANTOS
275984,2,NUNO SANTOS
270829,2,JORDY ALCIVAR
246371,2,BRANDT BRONICO
288060,2,BENJAMIN BENDER
291746,2,CHRISTOPHER HEGARDT
294187,2,QUINN MCNEILL
235672,1,KAMIL JOZWIAK
220851,1,KAROL SWIDERSKI
340596,1,KERWIN VARGAS
221602,3,RAFAEL CZICHOS
319024,3,KENDALL BURKS
136775,2,XHERDAN SHAQIRI
330207,2,SERGIO OREGEL
249278,1,JAIRO TORRES
285629,1,JHON DURÁN
329628,1,MISSAEL RODRIGUEZ
293831,1,VICTOR BEZERRA
341451,2,MIHAJLO MISKOVIC
281323,3,ANTHONY MARKANICH
287768,2,MAX 
148306,2,FELIPE GUTIÉRREZ
178754,2,SAM NICHOLSON
299527,2,PHILIP MAYAKA
159502,3,MILOS DEGENEK
334227,3,WILLIAM SANDS
254299,3,JAKE MORRIS
317021,3,MOHAMED FARSI
173386,2,YAW YEBOAH
293826,2,AIDAN MORRIS
296221,2,SEAN ZAWADZKI
336809,1,CUCHO HERNÁNDEZ
297121,1,JACEN RUSSELL-ROWE
276138,3,GAOUSSOU SAMAKE
153510,3,VICTOR PALSSON
337023,3,MATAI AKINMBONI
220478,2,CHRISTOPHER DURKIN
333740,2,SOFIANE DJEFFAL
324048,2,JACKSON HOPKINS
288873,2,THEODORE KU-DIPIETRO
153297,2,RAVEL MORRISON
160974,2,MARTÍN RODRÍGUEZ
340690,1,KRISTIAN FLETCHER
183154,1,TAXIARCHIS FOUNTAS
106957,1,CHRISTIAN BENTEKE
187273,3,MATT MIAZGA
171677,3,RAYMON GADDIS
296216,3,IAN MURPHY
275106,2,OBINNA NWOBODO
336552,2,HARRISON ROBLEDO
180468,2,JÚNIOR MORENO
333738,1,NICHOLAS MARKANICH
331611,3,ISAIAH PARKER
333699,3,LUCAS BARTLETT
286517,3,JOSHUÉ QUIÑÓNEZ
269153,3,NANU 
280931,2,TSIKI NTSABELENG
318373,1,BERNARD KAMUNGO
286516,1,ALAN VELASCO
232755,2,TEENAGE HADEBE
201498,3,ZECA 
314952,3,MICAEL 
146866,2,HÉCTOR HERRERA
301284,2,MARCELO PALOMINO
329364,2,BROOKLYN RAINES
301523,2,THIAGO 
88455,1,SEBASTIÁN FERREIRA
211678,2,FAFÀ PICAULT
287792,2,ROBERTO AVILA
323247,1,NELSON QUIÑONES
321918,1,THORLEIFUR ÚLFARSSON
183778,3,DEANDRE YEDLIN
257114,3,CHRISTOPHER MCVEY
307210,3,HARVEY NEVILLE
200139,3,DAMION LOWE
316344,3,NOAH ALLEN
316347,3,MODESTO MÉNDEZ
319038,3,RYAN SAILOR
198531,2,JEAN MOTA 
237823,2,ROBERT TAYLOR
308522,2,EMERSON RODRÍGUEZ
266021,2,GEORGE ACOSTA
317505,2,ABEL CAPUTO
177550,1,CORENTIN JEAN
284834,1,LEONARDO CAMPANA
252827,2,SHAAN HUNDAL
103029,3,MARTÍN CÁCERES
303469,3,JALEN NEAL
96526,2,JONATHAN PÉREZ
156228,2,GASTÓN BRUGMAN
270611,2,RICARD PUIG
127502,2,DOUGLAS COSTA
285452,3,CARLOS HARVEY
295339,1,PRESTON JUDD
199690,3,FRANCO ESCOBAR
24836,3,GIORGIO CHIELLINI
288146,2,DANIEL TREJO
77653,2,GARETH BALE
132709,1,CRISTIAN TELLO
213304,1,DÉNIS BOUANGA
184081,3,ALAN BENÍTEZ
246393,3,CALLUM MONTGOMERY
66955,2,JONATHAN GONZALEZ
260554,2,KERVIN ARRIAGA
48484,1,LUIS AMARILLA
287784,1,BONGOKUHLE HLONGWANE
267611,1,MENDER GARCÍA
219275,3,SHAQ MOORE
280847,3,AHMED LONGMIRE
246392,3,RYAN SPAULDING
294135,2,BEN REVENO
287368,2,DYLAN BORRERO
317465,2,NOEL BUCK
231574,2,NACHO GIL
250685,1,GIACOMO VRIONI
325410,1,ESMIR BAJRAKTAREVIC
185792,3,THIAGO MARTINS
334151,3,SAMUEL KWAKU OWUSU
45702,3,STEPHEN TURNBULL
304350,2,GABRIEL PEREIRA
276287,1,MATÍAS PELLEGRINI
254450,1,KEVIN O'TOOLE
319082,3,JUAN CASTILLO
252382,2,HASSAN NDAM
334199,2,JESÚS CASTELLANO
273178,2,STEVEN SSERWADDA
304164,2,DANIEL EDELMAN
215818,2,LUQUINHAS 
258065,1,PATRYK KLIMALA
307660,1,ELIAS MANOEL 
270302,1,CAMERON HARPER
308083,1,SERGE NGOMA
252817,1,ZACHARY RYAN
248276,3,ALEXANDER FREEMAN
288208,2,BRANDON HACKENBERG
316325,3,THOMAS WILLIAMS
181558,2,WILDER CARTAGENA
250448,2,IVÁN ANGULO
291218,2,CÉSAR ARAUJO
67518,2,FACUNDO TORRES
296749,1,NICHOLAS GIOACCHINI
302234,1,ERCAN KARA
313025,2,RICHARD ODADA
203926,1,MIKKEL UHRE
333746,1,CHRIS DONOVAN
333735,3,JUSTIN RASMUSSEN
302672,3,JUAN MOSQUERA
290715,2,DAVID AYALA
336548,1,DIEGO GUTIÉRREZ
303077,1,TEGA IKOBA
273399,1,NATHAN FOGAÇA
242597,2,JUSTIN VOM STEEG
147197,3,BRYAN OVIEDO
308481,2,JAZIEL OROZCO
148356,2,DIEGO LUNA
308969,2,JASPER LÖEFFELSEND
265977,2,BRAIAN OJEDA
202714,1,SERGIO CÓRDOVA
177219,1,JEFFERSON SAVARINO
333728,2,OSKAR AGREN
236882,3,RODRIGUES 
156342,3,MIGUEL TRAUCO
298687,3,CASEY WALLS
333752,2,NIKO TSAKIRIS
333672,1,WILLIAM RICHMOND
300420,1,OUSSENI BOUDA
254383,3,JACKSON RAGEN
259111,2,DYLAN TEVES
303521,3,ROBERT VOLODER
259925,3,LOGAN NDENBE
286760,2,JACOB DAVIS
199926,2,ERIK THOMMY
313069,1,WILLIAM AGADA
305498,1,MARINOS TZIONIS
334716,3,LUKAS MACNAUGHTON
253002,2,KADIN CHUNG
104369,2,DOMENICO CRISCITO
271816,2,LUCA PETRASSO
319389,2,KOSI THOMPSON
317468,2,THEMI ANTONOGLOU
152732,1,JESÚS JIMÉNEZ
180956,1,FEDERICO BERNARDESCHI
139028,1,LORENZO INSIGNE
298071,1,DEANDRE KERR
319427,1,HUGO MBONGUE
345173,2,CHRISTOPHER LEE
340228,3,ALI AHMED
318352,3,MATTEO CAMPAGNA
203868,2,ALESSANDRO SCHÖPF
202501,2,ADRIÁN CUBAS
334361,2,EASTON ONGARO
208341,1,SIMON BECHER
298073,2,EMILIANO BRIENZA
164649,2,CODY CROPPER
215441,3,LUIS ABRAM
255802,2,TRISTAN MUYUMBA NKITA
221128,2,SABA LOBJANIDZE
219188,2,XANDE SILVA
304153,2,AJANI FORTUNE
284636,2,NICOLAS FIRMINO
239525,1,GIORGOS GIAKOUMAKIS
303508,1,TYLER WOLFF
197351,1,JAMAL THIARE
308892,2,LUKE BRENNAN
237958,3,LEO VÄISÄNEN
254438,3,JOE HAFFERTY
318486,2,CALVIN FODREY
26703,2,DAVID RODRIGUEZ
324044,3,FERNANDO ALVAREZ
311163,2,NATHAN SALIBA
308788,2,OUSMAN JABANG
72478,2,SEAN REA
305060,2,CHINONSO OFFOR
323130,1,JULES-ANTHONY VILSAINT
172923,3,JERE URONEN
316138,3,HAMADY DIOP
7567,2,ASHLEY WESTWOOD
195532,2,BRECHT DEJAEGERE
319014,2,ANDREW PRIVETT
286759,2,NICHOLAS SCARDINA
356108,2,BRANDON CAMBRIDGE
84036,2,SCOTT ARFIELD
362678,2,DAVID POREBA
241544,1,ENZO COPETTI
307924,1,VINICIUS MELLO
5289,1,PATRICK AGYEMANG
141584,3,ARNAUD SOUQUET
310213,3,DANIEL ACEVES
357792,3,JUSTIN REYNOLDS
319042,2,CHARLIE OSTREM
259951,2,MAREN HAILE-SELASSIE
293671,2,JONATHAN DEAN
308847,2,OUSMANE DOUMBIA
304317,1,GEORGIOS KOUTSIAS
180719,3,ANDREAS MAXSØ
207260,3,ALEX GERSBACH
280510,3,SEBASTIAN ANDERSON
66579,3,MICHAEL EDWARDS
358975,3,MOISE BOMBITO
282982,2,SIDNEI TAVARES
222453,2,CONNOR RONAN
277392,2,COLE BASSETT
271847,2,MARLON VARGAS
297098,2,DAOUDA AMADOU
319548,2,RÉMI CABRAL
288791,1,RAFAEL NAVARRO
296431,2,YOSUKE HANYA
294874,2,PHILIP QUINTON
264469,3,YEVHEN CHEBERKO
186444,3,JIMMY MEDRANDA
239736,2,ALEXANDRU MATAN
359542,2,MAXIMILIAN ARFSTEN
235817,1,DIEGO ROSSI
235061,1,CHRISTIAN RAMÍREZ
316359,1,GIBRAN RAYO
316340,1,NOAH FUSON
238488,3,MOHANAD JEAHZE
286802,3,HAYDEN SARGIS
138183,3,ÉRIC DAVIS
307475,2,GABRIEL PIRANI
158331,2,MATEUSZ KLICH
183810,2,ERIK HURTADO
185800,1,YAMIL ASAD
267996,1,JOSÉ FAJARDO
315182,3,JOEY AKPUNONU
164756,3,SANTIAGO ARIAS
301462,3,YERSON MOSQUERA
336999,3,ISAIAH FOSTER
363194,3,LONDON AGHEDO
294215,3,BRET HALSEY
172457,2,MARCO ANGULO
356926,2,MALIK PINTO
353751,2,STIVEN JIMENEZ
362895,2,GERARDO VALENZUELA
260212,1,AARON-SALEM BOUPENDZA
365045,1,BENJAMIN STITZ
314829,3,GEOVANE DE JESUS ROCHA
316366,3,COLLIN SMITH
357107,3,AMET KORCA
293833,3,HERBERT ENDELEY
356357,3,NOLAN NORRIS
148614,2,ASIER ILLARRAMENDI
252901,2,LIAM FRASER
307221,1,DANTE SEALY
302591,2,JOSÉ MULATO
197354,1,EUGENE ANSAH
249728,3,TATE SCHMITT
331605,3,MUJEEB MURANA
75703,3,LUIS CAICEDO
218058,3,ERIK SVIATCHENKO
270560,2,IVAN FRANCO
255910,2,AMINE BASSI
294075,2,CHARLES AUGUSTE
287464,2,SEBASTIAN KOWALCZYK
287444,1,IBRAHIM ALIYU
358595,3,TOMÁS AVILÉS
121021,3,JORDI ALBA
316269,3,IAN FRAY
151788,3,SERHIY KRYVTSOV
242613,3,FRANCO NEGRI
364401,3,TYLER HALL
359239,3,ISRAEL BOATWRIGHT
144821,2,DIXON ARROYO
121893,2,SERGIO BUSQUETS
192278,2,DIEGO GÓMEZ
298592,2,FACUNDO FARÍAS
313043,2,EDISON AZCONA
356358,2,BENJAMIN CREMASCHI
229289,2,DAVID RUIZ
363215,2,LAWSON SUNDERLAND
45843,1,LIONEL MESSI
207232,1,NICOLÁS STEFANELLI
319034,1,LUCAS MEEK
286781,1,SHANYDER BORGELIN
16700,1,CAMERON JOHNSON
297050,3,JULIAN AUDE
105803,3,MAYA YOSHIDA
287252,3,MARUICIO CUEVAS
89175,2,ADRIAN GONZALEZ
179237,1,TYLER BOYD
293674,1,GINO VIVI
364138,2,AARON BIBOUT
228380,2,DENIL MALDONADO
218252,3,SERGI PALENCIA
260440,3,DIEGO ROSALES
364684,3,LORENZO DELLAVALLE
286719,3,JULIAN GAINES
231192,2,TIMOTHY TILLMAN
273790,2,DANIEL CRISOSTOMO
287841,2,MATEUSZ BOGUSZ
318882,2,CHRISTOPHER JAIME
275716,2,FILIP YAVOROV KRASTEV
240553,1,MAMADOU FALL
319496,1,STIPE BIUK
124439,1,CRISTIAN OLIVERA
340613,1,NATHAN ORDAZ
318918,1,YEKESON SUBAH
69318,2,ELDIN JAKUPOVIC
337030,3,DEVIN PADELFORD
233976,3,MIGUEL TAPIAS
306874,3,ETHAN BRISTOW
311157,3,MIKAEL MARQUES
318912,3,BRITTON FISCHER
361006,2,EMMANUEL IWE
297256,1,JEONG SANG-BIN
127520,1,TEEMU PUKKI
283264,3,LAURENCE WYKE
227627,1,SAM SURRIDGE
249699,2,IAN HARKES
326775,2,JACK PANAYOTOU
261168,1,TOMÁS CHANCALAY
357053,1,JOSHUA BOLMA
155529,1,BOBBY WOOD
227931,3,BRAIAN CUFRÉ
255259,3,BIRK RISA
328239,3,CHRISTIAN MCFARLANE
293702,2,NICO BENALCAZAR
321979,3,MITJA ILENIC
258855,2,JAMES SANDS
271844,2,RICHARD LEDEZMA
315381,1,MONSEF BAKRAR
335238,1,JULIÁN FERNÁNDEZ
310827,1,ADRIÁN MARTÍNEZ
289300,1,GABRIEL SEGAL
358682,2,JOHN DENIS
303894,2,JAYDEN REID
333700,2,MATTHEW NOCITA
342198,3,OMAR VALENCIA
158185,3,DAVI ALEXANDRE
280811,2,PETER STROUD
362458,2,IBRAHIM KASULE
362442,2,RONALD DONKOR
297831,2,AMOS SHAPIRO-THOMPSON
333727,2,O’VONTE MULLINGS
341740,1,JORGE CABEZAS
228431,1,DANTE VANZEIR
288041,1,JULIAN HALL
203974,3,RAFAEL SANTOS
309264,3,ABDI SALIM
233401,2,MARTÍN OJEDA
325936,2,SHAKUR MOHAMMED
285939,2,DAGUR DAN THÓRHALLSSON
313285,1,WILFREDO RIVERA
355365,2,FAVIAN LOYOLA
309410,1,RAMIRO ENRIQUE
294071,1,DUNCAN MCGUIRE
288430,1,GASTÓN GONZÁLEZ
275160,1,JACK LYNN
351372,3,OLWETHU MAKHANYA
274002,2,JEREMY RAFANELLO
313068,1,THAI BARIBO
168478,3,MIGUEL ARAUJO
362522,3,JADEN JONES-RILEY
324966,3,TYLER CLEGG
86436,2,EVANDER 
287449,2,VICTOR GRIFFITH
362114,2,NOEL CALISKAN
172680,1,FRANCK BOLI
315294,1,ANTONY 
270238,3,BRAYAN VERA
330924,2,ANDRES GOMEZ
82716,2,NELSON PALACIO
296109,2,EMEKA ENELI
252540,2,KEVON LAMBERT
288982,2,MOSES NYEMAN
319083,2,GRIFFIN DILLON
324902,1,AXEL KEI
286797,1,PAUL GINDIRI
308961,1,BERTIN JACQUESSON
374519,1,ZAVIER GOZO
281494,3,DANIEL MUNIE
187236,3,CARLOS AKAPO
199963,2,CARLOS GRUEZO
357010,2,CAMERON CILLEY
254386,2,MICHAEL BALDISIMO
310964,1,MATTHEW HOPPE
318518,2,TRAVIAN SOUSA
294862,3,HAL UDERITZ
318520,3,CODY BAKER
296134,2,SOTA KITAHARA
254382,1,PAUL ROTHROCK
195675,3,DANIEL ROSERO VALENCIA
196978,3,TIM LEIBOLD
294201,3,CHRIS RINDOV
207894,2,NEMANJA RADOJA
294654,2,LUIS FLORES
362459,1,STEPHEN AFRIFA
67671,3,JOAKIM NILSSON
233046,3,JOSHUA YARO
319055,3,KYLE HIEBERT
286944,2,NJABULO BLOM
289938,2,TOMAS OSTRAK
189505,2,EDUARD LÖWEN
338135,2,CÉLIO POMPEU
261518,2,AKIL WATTS
272154,2,RASMUS ALM
338133,2,MIGUEL PEREZ
271826,2,JOHNNY KLEIN
316480,2,MAX SCHNEIDER
150409,1,JOÃO KLAUSS
318956,1,SAMUEL ADENIRAN
356979,1,NÖKKVI THÓRISSON
354887,1,CADEN GLOVER
227734,3,SIGURD ROSTED
298072,3,KOBE FRANKLIN
252562,3,RAOUL PETRETTA
340123,3,ADAM PEARLMAN
317467,2,ANTONY CURIC
364702,2,LAZAR STEFANOVIC
359272,2,ALONSO COELLO
359270,2,MARKUS CIMERMANCIC
272506,2,JORDAN FARIA
348318,1,CASSIUS MAILULA
275798,1,PRINCE OSEI OWUSU
338082,2,JESUS BAITZ
297108,2,JULIAN ALTOBELLI
212226,2,ADAMA DIOMANDÉ
286523,3,MATHÍAS LABORDA
193452,3,SAM ADEKUGBE
288980,3,KARIFA YAO
116662,2,JUNIOR HOILETT
277302,2,JEAN-CLAUDE NGANDO
340229,2,VASCO FRY
288145,2,GIOVANNI AGUILAR
327126,1,LEVONTE JOHNSON
188454,3,STIAN GREGERSEN
304154,3,EFRAIN MORALES
138636,3,MATTHEW EDWARDS
288479,2,BARTOSZ SLISZ
219188,2, XANDE SILVA
304696,3,GUILHERME BIRO 
192547,3,ANTONIO GOMEZ
381490,1,BRYANT FARKARLUN
292011,3,JOAQUÍN SOSA
275859,2,DOMINIK YANKOV
263095,1,MATÍAS CÓCCARO
318153,3,JOAO PEDRO REGINALDO
308773,3,JAHLANE FORBES
322064,2,NIKOLA PETKOVIC
282755,2,DJIBRIL DIANI
312976,1,LIEL ABADA
355456,1,NIMFASHA BERCHIMAS
331314,1,IURI ANTÓNIO TEIXEIRA TAVARES
238412,3,TOBIAS SALQUIST
271427,3,ALLAN ARIGONI
235511,1,HUGO CUYPERS
260912,3,SAM VINES
380895,3,JACKSON TRAVIS
287471,2,LAMINE DIACK
380600,1,WAYNE FREDERICK II
380601,1,KIMANI STEWART-BAYNES
362812,2,TAHA HABROUNE
381406,2,COLE MROWKA
382613,2,GIORGIO DE LIBERA
285203,1,MARINO HINESTROZA
320300,3,MATTI PELTOLA
273974,3,WILLIAM CONNER ANTLEY
290805,3,GARRISON TUBBS
380712,1,JACOB MURRELL
279180,2,PAVEL BUCHA
276305,1,LUCA ORELLANO
297142,2,PATRICKSON DELGADO
297177,2,CARL-FRED SAINTE
324809,1,ENES SALI
277128,1,PETAR MUSA
348870,1,LOGAN FARRINGTON
378655,1,TOMAS PONDECA
380677,3,KIERAN SARGEANT
302996,3,OBAFEMI AWODESU
380793,2,OUSMANE SYLLA
362345,2,DIEGO GONZALEZ
380678,1,STEPHEN ANNOR
183316,3,NICOLÁS FREIRE
329025,3,YANNICK BRIGHT
282589,3,MARCELO WEIGANDT
318181,2,FEDERICO REDONDO
265897,2,RICARDO MONTENEGRO
382590,2,JOSE CASAS DE ABADAL
125088,1,LUIS SUÁREZ
311088,1,LEONARDO AFONSO
238050,3,MIKI YAMANE
295005,1,GABRIEL PEC 
256843,1,JOSEPH PAINTSIL
127512,3,MAXIME CHANOT
136124,3,OMAR CAMPOS
381072,3,LUCA BOMBINO
241473,2,EDUARD ATUESTA
380872,2,THOMAS MUSTO
312610,1,TOMÁS ÁNGEL
115713,1,DAVID MARTINEZ
382636,1,LUIS MÜLLER
296240,3,DEREK DODSON
337922,3,MORRIS DUGGAN
377079,3,HUGO BACHARACH
334038,3,VICTOR ERIKSSON
325359,2,ALEJANDRO BRAN
294039,1,TANI OLUWASEYI
337928,1,LOÏC MESANVI
279779,1,JORDAN ADEBAYO-SMITH
296239,3,RIO HOPE-GUND
270669,3,STRAHINJA TANASIJEVIC
366218,3,ANDREW BAIERA
358681,2,MAXIMO CARRIZO
381209,2,JACOB ARROYAVE
352320,1,JOVAN MIJATOVIC
250852,1,HANNES WOLF
337149,1,AGUSTIN OJEDA
379908,1,MALACHI JONES
303608,3,NOAH EILE
328351,3,AIDAN O'CONNOR
148641,2,EMIL FORSBERG
336755,1,DENNIS GJENGAAR
304159,1,ROALD MITCHELL
380923,1,MOHAMMED SOFO
311532,3,DAVID BREKALO
309258,2,JEORGIO KOCEVSKI
151510,1,LUIS MURIEL
343960,2,SANDERS NGABO
379938,1,MARKUS ANDERSON
129395,1,JONATHAN RODRÍGUEZ
294874,3,PHILIP QUINTON
316331,3,DERRICK SILVA
384049,3,KELLER STORLIE
243168,3,ALEXANDROS KATRANIS
350481,2,FIDEL BARAJAS
153613,2,MATT CROOKS
337066,1,DARON ISKENDERIAN
380800,3,JAMAR RICKETTS
250920,3,BRUNO WILSON
223355,3,VÍTOR COSTA
382638,2,BEAU LEROUX
207638,1,AMAHL PELLEGRINO
280721,1,PEDRO DE LA VEGA
378656,1,ALENIS VARGAS
252749,3,TOMAS TOTLAND
324186,3,MICHAEL WENTZEL
291551,3,NIKOLAS DYHR
308772,2,HOSEI KIJIMA
140531,3,KEVIN LONG
337361,3,NICKSEON GOMIS
279758,2,MATTHEW LONGSTAFF
217254,2,DEYBI FLORES
371481,2,ANDREI DUMITRU
329273,1,TYRESE SPICER
343994,3,BELAL HALBOUNI
238109,3,BJØRN INGE UTVIK
362613,2,JAY HERDMAN
56935,4,BRAD GUZAN
297047,4,ROCCO RIOS NOVO
183780,4,BRAD STUVER
233049,4,ANDREW TARBELL
252607,4,SEBASTIAN BREZA
253495,4,LOGAN KETTERER
303555,4,JONATHAN SIROIS
257619,4,JAMES PANTEMIS
286774,4,GABRIEL SLONINA
240785,4,SPENCER RICHEY
303693,4,CHRIS BRADY
184300,4,CLINT IRWIN
174703,4,WILLIAM YARBROUGH
127444,4,ELOY ROOM
171562,4,EVAN BUSH
217514,4,ALEX BONO
146406,4,BILL HAMID
184960,4,ALEC KANN
127053,4,KENNETH VERMEER
156197,4,JIMMY MAURER
16151,4,STEVE CLARK
5926,4,MICHAEL NELSON
150070,4,NICK MARSMAN
245083,4,DRAKE CALLENDER
159382,4,MAXIME CRÉPEAU
184786,4,TOMAS ROMERO
217162,4,JOHN MCCARTHY
219661,4,TYLER MILLER
256401,4,ERIC DICK
231059,4,DAYNE ST. CLAIR
302906,4,FRED EMMINGS
156217,4,JOE WILLIS
216999,4,EARL EDWARDS
141316,4,SEAN JOHNSON
256444,4,LUIS BARRAZA
215961,4,CARLOS CORONEL
171660,4,RYAN MEARA
318476,4,ANTHONY MARCUCCI
150334,4,PEDRO GALLESE
231193,4,MASON STAJDUHAR
220389,4,ADAM GRINWIS
252974,4,MATTHEW FREESE
172051,4,JOE BENDIK
186943,4,ANDRE BLAKE
277661,4,HUNTER SULTE
237259,4,ALJAZ IVACIC
157111,4,ZAC MACMATH
242928,4,JT MARCINKOWSKI
254233,4,MATT BERSANO
286424,4,PABLO SISNIEGA
131979,4,STEFAN FREI
249729,4,STEFAN CLEVELAND
272505,4,JOHN PULSKAMP
159476,4,KENDALL MCINTOSH
146468,4,TIM MELIA
220434,4,GREG RANJITSINGH
262728,4,THOMAS HASAL
164649,4,CODY CROPPER
195301,4,RAUL GUDINO
297379,4,DAMIAN LAS
221408,4,KRISTIJAN KAHLINA
255097,4,GEORGE MARKS
256614,4,BRADY SCOTT
136944,4,RAFAEL ROMO
290347,4,LUIS ZAMUDIO
315972,4,ROMAN CELENTANO
316369,4,JUAN ANTONIO CARRERA
238919,4,MAARTEN PAES
336586,4,XAVIER VALDEZ
265874,4,CARLOS DOS SANTOS
246389,4,ELLIOT PANICCO
249746,4,WILL MEYER
273249,4,JACOB JACKSON
289824,4,DJORDJE PETROVIC
316317,4,JAVIER OTERO
6746,4,DAVID BINGHAM
218207,4,TOMAS GOMEZ
303277,4,EMMANUEL OCHOA
280839,4,WALLIS LAPSLEY
305783,4,ISAAC BOEHMER
85074,4,QUENTIN WESTBERG
313969,4,JEFFREY GAL
238233,4,MARKO ILIC
275080,4,PATRICK SCHULTE
242975,4,EVAN LOURO
322058,4,NOVAK MICOVIC
71067,4,MARIO GONZÁLEZ
228348,4,ABRAHAM ROMERO
296166,4,BEN MARTINO
157206,4,TOMÁS VACLÍK
361005,4,NICOLÁS CAMPUZANO JIMÉNEZ
296946,4,HOLDEN TRENT
304625,4,GAVIN BEAVERS
243832,4,DANIEL 
271850,4,JACOB CASTRO
175906,4,ROMAN BÜRKI
178054,4,BENJAMIN LUNDT
294040,4,LUKA GAVRAN
272338,4,YOHEI TAKAOKA
254291,4,JOSH COHEN
360855,4,ADAM BEAUDRY
219276,4,ZACK STEFFEN
224640,4,NICHOLAS HAGEN
382614,4,STANISLAV LAPKES
331104,4,NATE CROCKFORD
295521,4,COLE JENSEN
43372,4,HUGO LLORIS
243410,4,HENRICH RAVAS
316463,4,OLIVER SEMMLE
365853,4,ANDREW RICK
254340,4,TREY MUSE
268173,4,ANDREW THOMAS
288874,4,CHRISTIAN OLIVARES
